Male,Female
Adam,Adele
Adrian,Alison
Alan,Amanda
Andrew,Andree
Antony,Angela
Arthur,Ann
Bevis,Anna
Bruno,Anne
Chi,Bhavna
Christopher,Brenda
Colin,Brigitte
Daniel,Carmel
Darren,Carol
David,Catherine
Dimitrios,Clare
Douglas,Colette
Edward,Diana
Francis,Diane
Frank,Eileen
Gary,Elisabeth
George,Elizabeth
Gordon,Elsie
Graham,Emma
Harry,Eunice
Herbert,Frances
Ian,Gabriele
James,Gill
John,Gillian
Jonathan,Grace
Joseph,Gwendolyn
Kenneth,Hannah
Kevin,Helen
Leigh,Irene
Leonard,Iris
Leslie,Jane
Liam,Janet
Mark,Jayne
Martin,Jean
Matthew,Jeanne
Michael,Jill
Nicholas,Joanna
Olu,Joanne
Paul,Josie
Paulin,Judy
Peter,Julie
Philip,Karen
Rajesh,Kathleen
Raymond,Kathryn
Richard,Katie
Robert,Kay
Roger,Lesley
Roy,Linda
Russell,Lisa
Shane,Lynette
Simon,Lynnette
Steven,Margaret
Stuart,Maureen
Syed,Miroslawa
Thomas,Morag
Timothy,Nazma
William,Nicola
Adam,Nishma
Adrian,Noella
Alan,Nuala
Andrew,Patricia
Antony,Phyllis
Arthur,Rebecca
Bevis,Ripduman
Bruno,Rosalie
Chi,Saleha
Christopher,Sally
Colin,Samantha
Daniel,Sandra
Darren,Sarah
David,Selina
Dimitrios,Sharmin
Douglas,Simone
Edward,Sonia
Francis,Sylvia
Frank,Tirzah
Gary,Tracey
George,Venetia
Gordon,Yvonne
Davide,Anastasia
Giulio,Laura
